{
    "UserAgent": "aws-amplify-cli/0.1.0",
    "Version": "1.0",
    "IdentityManager": {
        "Default": {}
    },
    "CredentialsProvider": {
        "CognitoIdentity": {
            "Default": {
                "PoolId": "us-west-2:4bbdde7f-2f8c-4443-bd70-f1753a10ac86",
                "Region": "us-west-2"
            }
        }
    },
    "PinpointAnalytics": {
        "Default": {
            "AppId": "4394bc1e8e6a4ccbbdbe3afd4fd1a21e",
            "Region": "us-east-1"
        }
    },
    "PinpointTargeting": {
        "Default": {
            "Region": "us-east-1"
        }
    }
}