{
    "identityPoolName": "awsiotpubsub_identitypool_50cbec06",
    "allowUnauthenticatedIdentities": true,
    "thirdPartyAuth": false,
    "lambdaLogPolicy": "awsiotpubsub_lambda_log_policy",
    "openIdLambdaRoleName": "awsiotpubsub_openid_lambda_role",
    "openIdRolePolicy": "awsiotpubsub_openid_pass_role_policy",
    "openIdLambdaIAMPolicy": "awsiotpubsub_openid_lambda_iam_policy",
    "openIdLogPolicy": "awsiotpubsub_openid_lambda_log_policy",
    "authSelections": "identityPoolOnly",
    "resourceName": "cognito92f604ab",
    "unAuthRoleName": "otubub-20181020124459-unauthRole",
    "authRoleName": "otubub-20181020124459-authRole",
    "unAuthRoleArn": "arn:aws:iam::575213043634:role/otubub-20181020124459-unauthRole",
    "authRoleArn": "arn:aws:iam::575213043634:role/otubub-20181020124459-authRole"
}